2,female,29,1,0,228414,26,S,1
3,male,,0,0,A/5 2466,8.05,S,0
2,male,39,0,0,250655,26,S,0
3,female,29,0,4,349909,21.075,S,0
3,male,25,0,0,SOTON/OQ 392076,7.05,S,0
3,male,34.5,0,0,2683,6.4375,C,0
1,female,35,1,0,113803,53.1,S,1
3,male,23,0,0,349204,7.8958,S,0
2,male,,0,0,244373,13,S,1
3,male,50,0,0,A/5 3594,8.05,S,0
3,female,23,0,0,CA. 2314,7.55,S,1
3,male,,0,0,2700,7.2292,C,0
2,male,36,0,0,229236,13,S,0
3,male,,1,0,370371,15.5,Q,0
3,female,,0,0,370375,7.75,Q,1
3,male,28,2,0,3101277,7.925,S,0
3,male,32,0,0,350417,7.8542,S,1
3,male,42,0,0,C.A. 5547,7.55,S,0
1,male,38,0,1,PC 17582,153.4625,S,0
3,female,,0,0,14313,7.75,Q,1
1,male,38,0,0,19972,0,S,0
3,female,,0,2,2678,15.2458,C,0
2,female,40,0,0,C.A. 33595,15.75,S,1
3,male,24.5,0,0,342826,8.05,S,0
3,female,,0,0,2649,7.225,C,1
3,female,,8,2,CA. 2343,69.55,S,0
1,male,39,0,0,112050,0,S,0
1,male,22,0,0,PC 17760,135.6333,C,0
3,male,16,0,0,347074,7.775,S,0
2,male,30,0,0,28228,13,S,0
1,female,39,1,1,110413,79.65,S,1
3,male,28,0,0,349207,7.8958,S,0
1,male,18,1,0,PC 17758,108.9,C,0
3,female,26,0,0,347470,7.8542,S,1
1,male,60,0,0,113800,26.55,S,0
3,male,42,0,0,348121,7.65,S,0
3,male,1,4,1,3101295,39.6875,S,0
3,male,2,4,1,382652,29.125,Q,0
1,male,37,0,1,PC 17596,29.7,C,0
3,male,,0,0,349201,7.8958,S,0
3,male,29,1,0,3460,7.0458,S,0
2,male,30,0,0,250646,13,S,0
3,female,32,1,1,364849,15.5,Q,0
1,female,41,0,0,16966,134.5,C,1
2,male,25,1,0,236853,26,S,0
3,male,21,0,0,A/4. 39886,7.8,S,0
1,male,27,0,0,PC 17572,76.7292,C,1
3,male,,0,0,349215,7.8958,S,0
3,female,31,1,0,345763,18,S,0
1,male,61,0,0,111240,33.5,S,0
2,female,50,0,0,F.C.C. 13531,10.5,S,1
3,male,3,1,1,C.A. 37671,15.9,S,1
2,male,18,0,0,29108,11.5,S,0
3,female,31,1,1,363291,20.525,S,1
3,male,,0,0,371060,7.75,Q,0
3,female,,0,0,35852,7.7333,Q,1
3,male,19,0,0,349231,7.8958,S,0
3,male,,0,0,358585,14.5,S,0
3,male,42,0,1,4579,8.4042,S,0
1,female,,1,0,17464,51.8625,S,1
2,male,54,0,0,28403,26,S,0
1,male,35,0,0,111426,26.55,C,1
1,male,47,0,0,110465,52,S,0
1,female,35,1,0,36973,83.475,S,1
1,female,26,0,0,19877,78.85,S,1
1,female,,0,0,PC 17585,79.2,C,1
3,male,27,0,0,349219,7.8958,S,0
3,male,25,0,0,349203,7.8958,S,0
1,male,64,0,0,693,26,S,0
2,male,46,0,0,28403,26,S,0
3,female,39,0,5,382652,29.125,Q,0
2,male,21,2,0,S.O.C. 14879,73.5,S,0
3,male,21,0,0,312992,7.775,S,0
3,male,35,0,0,STON/O 2. 3101273,7.125,S,0
2,male,66,0,0,C.A. 24579,10.5,S,0
2,female,28,0,0,237668,13,S,1
3,female,1,1,1,347742,11.1333,S,1
1,female,48,1,0,11755,39.6,C,1
1,female,38,1,0,PC 17599,71.2833,C,1
3,female,36,1,0,345572,17.4,S,1
1,female,,1,0,17453,89.1042,C,1
3,male,31,0,0,347063,7.775,S,0
1,female,18,1,0,PC 17757,227.525,C,1
2,male,23,0,0,29751,13,S,0
1,female,54,1,0,36947,78.2667,C,1
3,male,25,0,0,36864,7.7417,Q,0
3,male,40,1,1,364849,15.5,Q,0
1,male,17,0,2,17421,110.8833,C,1
3,male,21,0,0,54636,16.1,S,0
2,male,29,1,0,11668,21,S,0
3,female,30,1,1,345773,24.15,S,0
2,female,32,0,0,234604,13,S,1
1,female,36,0,2,WE/P 5735,71,S,1
1,male,35,0,0,PC 17475,26.2875,S,1
3,male,32,0,0,349242,7.8958,S,0
3,male,17,1,0,350048,7.0542,S,0
2,female,8,0,2,C.A. 31921,26.25,S,1
3,male,,0,0,334912,7.7333,Q,0
3,male,18,0,0,2223,8.3,S,0
3,female,,1,1,2668,22.3583,C,1
1,male,48,0,0,19952,26.55,S,1
1,male,,0,0,111427,26.55,S,1
1,male,30,0,0,113051,27.75,C,0
3,male,19,0,0,A/5. 10482,8.05,S,1
3,female,28,0,0,349245,7.8958,S,0
2,male,31,0,0,C.A. 18723,10.5,S,0
3,male,22,0,0,14973,8.05,S,0
3,male,,0,0,SOTON/O.Q. 3101305,7.05,S,0
1,female,14,1,2,113760,120,S,1
3,male,33,0,0,345780,9.5,S,0
3,female,11,4,2,347082,31.275,S,0
1,female,48,0,0,17466,25.9292,S,1
1,male,51,0,0,113055,26.55,S,1
3,female,1,0,2,2653,15.7417,C,1
1,male,19,1,0,113773,53.1,S,0
2,male,32,2,0,S.O.C. 14879,73.5,S,0
2,male,34,1,0,28664,21,S,0
3,male,49,0,0,LINE,0,S,0
3,female,21,0,0,343120,7.65,S,1
3,female,13,0,0,2687,7.2292,C,1
2,female,25,0,1,230433,26,S,1
2,female,28,0,0,230434,13,S,1
2,female,32.5,0,0,27267,13,S,1
3,female,20,0,0,315096,8.6625,S,0
1,female,32,0,0,11813,76.2917,C,1
3,male,27,1,0,2659,14.4542,C,0
1,male,29,0,0,113501,30,S,0
3,male,,0,0,S.C./A.4. 23567,8.05,S,0
3,male,28.5,0,0,54636,16.1,S,0
3,female,,0,2,2668,22.3583,C,1
2,male,59,0,0,237442,13.5,S,0
3,female,0.75,2,1,2666,19.2583,C,1
3,male,30,0,0,A.5. 18509,8.05,S,0
1,male,49,1,1,17421,110.8833,C,0
3,male,28,0,0,345770,9.5,S,0
2,female,41,0,1,250644,19.5,S,1
3,male,26,1,0,2680,14.4542,C,0
2,male,62,0,0,S.W./PP 752,10.5,S,1
3,male,39,0,0,STON/O 2. 3101289,7.925,S,1
2,male,51,0,0,S.O.P. 1166,12.525,S,0
2,male,37,1,0,SC/AH 29037,26,S,0
3,female,24,0,3,2666,19.2583,C,1
1,male,36,0,0,PC 17474,26.3875,S,1
3,male,20,0,0,SOTON/O2 3101287,7.925,S,0
3,male,25,0,0,374887,7.25,S,0
2,male,52,0,0,250647,13,S,0
1,female,44,0,1,111361,57.9792,C,1
3,male,28,1,0,STON/O2. 3101279,15.85,S,0
2,female,35,0,0,F.C.C. 13528,21,S,1
1,female,30,0,0,PC 17761,106.425,C,1
3,female,29,1,1,347054,10.4625,S,0
2,male,18,0,0,236171,13,S,0
2,female,29,1,0,2926,26,S,1
3,female,,8,2,CA. 2343,69.55,S,0
1,female,51,1,0,13502,77.9583,S,1
2,male,25,1,2,SC/Paris 2123,41.5792,C,0
1,female,35,1,0,19943,90,S,1
3,male,40,0,0,349251,7.8958,S,0
3,female,15,0,0,330923,8.0292,Q,1
3,female,28,1,1,347080,14.4,S,0
3,female,63,0,0,4134,9.5875,S,1
3,female,30,0,0,315084,8.6625,S,0
3,male,44,0,0,363592,8.05,S,0
1,male,34,0,0,113794,26.55,S,1
2,male,19,1,1,C.A. 33112,36.75,S,0
1,female,24,0,0,PC 17482,49.5042,C,1
1,male,,0,0,PC 17605,27.7208,C,0
3,male,,0,0,2631,7.225,C,0
3,male,25,1,0,349237,17.8,S,0
3,male,9,4,2,347077,31.3875,S,0
3,male,,0,0,A./5. 3235,8.05,S,0
1,male,52,0,0,113786,30.5,S,1
3,female,24,1,0,STON/O2. 3101279,15.85,S,1
1,male,54,0,1,35281,77.2875,S,0
1,male,70,1,1,WE/P 5735,71,S,0
2,female,6,0,1,248727,33,S,1
3,female,33,3,0,3101278,15.85,S,1
2,male,32,1,0,2908,26,S,1
1,male,26,0,0,111369,30,C,1
1,male,36,1,0,19877,78.85,S,0
3,male,70.5,0,0,370369,7.75,Q,0
3,female,,0,0,SOTON/O.Q. 392087,8.05,S,0
3,female,,1,0,386525,16.1,S,1
1,male,28,1,0,PC 17604,82.1708,C,0
3,female,35,1,1,C.A. 2673,20.25,S,1
3,male,4,4,2,347082,31.275,S,0
3,male,45.5,0,0,2628,7.225,C,0
3,female,22,0,0,370373,7.75,Q,1
1,female,,1,0,19996,52,S,1
3,male,,0,0,2627,14.4583,C,0
3,male,,0,0,1601,56.4958,S,1
3,female,17,4,2,3101281,7.925,S,1
2,female,27,0,0,34218,10.5,S,1
2,male,16,0,0,S.O./P.P. 3,10.5,S,0
1,male,28,0,0,113059,47.1,S,0
3,male,,0,0,2629,7.2292,C,0
3,male,,0,0,367228,7.75,Q,1
3,male,20,1,1,2653,15.7417,C,1
3,male,28,0,0,1601,56.4958,S,0
3,male,,0,0,349221,7.8958,S,0
3,female,,3,1,4133,25.4667,S,0
1,male,50,2,0,PC 17611,133.65,S,1
3,female,,0,0,330980,7.8792,Q,1
3,male,,0,0,349214,7.8958,S,0
3,female,21,2,2,W./C. 6608,34.375,S,0
3,male,19,0,0,349205,7.8958,S,0
3,female,40,1,0,7546,9.475,S,0
2,male,,0,0,SC/PARIS 2131,15.05,C,0
1,male,37,1,1,11751,52.5542,S,1
1,male,11,1,2,113760,120,S,1
3,female,39,1,5,347082,31.275,S,0
2,female,22,1,1,248738,29,S,1
1,female,21,0,0,13502,77.9583,S,1
3,male,,0,0,384461,7.75,Q,0
2,female,5,1,2,C.A. 34651,27.75,S,1
3,male,,0,0,330877,8.4583,Q,0
2,male,39,0,0,248723,13,S,0
3,male,8,4,1,382652,29.125,Q,0
2,female,30,0,0,234818,12.35,Q,1
3,female,25,1,0,STON/O2. 3101271,7.925,S,0
1,female,29,0,0,24160,211.3375,S,1
3,male,20,0,0,347466,7.8542,S,0
2,female,57,0,0,S.O./P.P. 3,10.5,S,0
3,male,35,0,0,364512,8.05,S,0
3,male,,0,0,368323,6.95,Q,0
3,male,44,0,0,364511,8.05,S,0
1,female,35,1,0,113789,52,S,1
2,male,24,2,0,S.O.C. 14879,73.5,S,0
2,female,30,3,0,31027,21,S,1
1,male,45,0,0,113784,35.5,S,0
2,male,,0,0,239856,0,S,0
2,male,2,1,1,230080,26,S,1
1,female,19,1,0,11967,91.0792,C,1
3,male,,0,0,2647,7.225,C,0
3,male,17,0,0,315086,8.6625,S,0
3,male,27,0,0,347089,6.975,S,1
3,male,,0,0,3411,8.7125,C,0
3,female,41,0,5,3101295,39.6875,S,0
1,male,36,0,0,13049,40.125,C,0
3,female,21,0,0,364846,7.75,Q,0
3,male,35,0,0,SOTON/O.Q. 3101310,7.05,S,0
3,male,22,0,0,2669,7.2292,C,0
3,male,51,0,0,347064,7.75,S,0
1,female,40,1,1,16966,134.5,C,1
2,male,34,0,0,248698,13,S,1
1,male,50,1,0,13507,55.9,S,0
3,female,30.5,0,0,364850,7.75,Q,0
2,female,28,1,0,P/PP 3381,24,C,1
1,female,50,0,0,PC 17595,28.7125,C,0
3,male,,0,0,A/5 2817,8.05,S,0
3,male,,1,0,371110,24.15,Q,0
1,male,25,1,0,11967,91.0792,C,1
3,female,16,5,2,CA 2144,46.9,S,0
3,male,61,0,0,345364,6.2375,S,0
3,male,11,0,0,2699,18.7875,C,0
3,female,,0,0,330935,8.1375,Q,0
3,male,18,0,0,350036,7.7958,S,0
1,male,48,1,0,PC 17572,76.7292,C,1
2,male,36,0,0,C.A. 17248,10.5,S,0
3,male,42,0,0,315088,8.6625,S,0
3,female,29,0,2,2650,15.2458,C,1
1,male,24,0,0,PC 17593,79.2,C,0
3,male,26,2,0,315151,8.6625,S,0
2,male,54,0,0,29011,14,S,0
2,male,42,0,0,237798,13,S,1
3,male,30,0,0,SOTON/OQ 392090,8.05,S,0
1,female,17,1,0,17474,57,S,1
2,male,24,0,0,C.A. 29566,10.5,S,0
3,male,,0,0,2641,7.2292,C,0
2,male,32,0,0,C.A. 33111,10.5,S,0
3,male,,1,1,2661,15.2458,C,1
3,male,12,1,0,2651,11.2417,C,1
3,male,31,0,0,335097,7.75,Q,0
3,female,18,0,1,392091,9.35,S,1
3,female,6,4,2,347082,31.275,S,0
2,male,48,0,0,234360,13,S,0
2,male,39,0,0,28213,13,S,0
3,male,2,4,1,3101295,39.6875,S,0
3,male,,0,0,2671,7.2292,C,0
3,male,,0,0,2624,7.225,C,0
3,male,21,0,0,STON/O 2. 3101280,7.925,S,0
3,female,,1,0,376564,16.1,S,1
3,female,16,0,0,367231,7.75,Q,1
3,male,18,1,1,370129,20.2125,S,0
3,male,,0,0,2686,7.2292,C,0
3,female,4,1,1,PP 9549,16.7,S,1
1,female,19,0,2,11752,26.2833,S,1
3,male,22,0,0,349206,7.8958,S,0
3,male,44,0,0,STON/O 2. 3101269,7.925,S,1
1,male,52,1,1,110413,79.65,S,0
3,female,16,0,0,35851,7.7333,Q,1
1,male,27,0,2,113503,211.5,C,0
3,male,21,0,0,STON/O 2. 3101294,7.925,S,0
3,female,14,1,0,2651,11.2417,C,1
3,female,43,1,6,CA 2144,46.9,S,0
1,female,33,1,0,19928,90,Q,1
3,male,9,0,2,363291,20.525,S,1
3,male,16,0,0,SOTON/OQ 392089,8.05,S,1
3,male,,0,0,36568,15.5,Q,0
1,female,40,0,0,PC 17582,153.4625,S,1
1,male,36,1,2,113760,120,S,1
3,male,25,0,0,LINE,0,S,1
2,male,1,0,2,S.C./PARIS 2079,37.0042,C,1
3,female,45,0,1,2691,14.4542,C,0
2,male,23,2,1,29104,11.5,S,0
2,male,36,0,0,SC/Paris 2163,12.875,C,0
3,male,14,4,1,3101295,39.6875,S,0
3,female,24,0,2,PP 9549,16.7,S,1
3,male,20,0,0,2648,4.0125,C,0
1,female,36,0,0,PC 17760,135.6333,C,1
3,female,,1,2,W./C. 6607,23.45,S,0
3,male,21,0,0,A./5. 2152,8.05,S,0
3,female,,1,0,370365,15.5,Q,1
3,male,29,0,0,347067,7.775,S,0
3,male,59,0,0,364500,7.25,S,0
3,male,,1,0,65303,19.9667,S,0
3,female,41,0,2,370129,20.2125,S,0
2,male,25,0,0,234686,13,S,0
3,male,,0,0,A/4. 34244,7.25,S,0
1,male,37,1,0,113803,53.1,S,0
1,female,22,1,0,113776,66.6,S,1
1,male,27,0,0,113804,30.5,S,1
3,male,18,0,0,349912,7.775,S,0
3,male,7,4,1,3101295,39.6875,S,0
1,female,21,2,2,PC 17608,262.375,C,1
2,male,36,1,2,C.A. 34651,27.75,S,0
3,female,15,0,0,2667,7.225,C,1
2,female,48,1,2,220845,65,S,1
1,male,45,0,0,111428,26.55,S,1
3,female,,0,0,343095,8.05,S,0
1,female,,0,1,113505,55,S,1
3,male,21,0,0,350034,7.7958,S,1
2,male,42,0,0,244310,13,S,0
3,male,32,1,0,3101278,15.85,S,0
3,female,14.5,1,0,2665,14.4542,C,0
1,female,,1,0,PC 17569,146.5208,C,1
1,female,22,0,2,13568,49.5,C,1
3,male,22,0,0,2620,7.225,C,1
3,male,33,0,0,7540,8.6542,S,0
3,male,,0,0,312993,7.775,S,0
2,male,,0,0,SC/PARIS 2146,13.8625,C,1
3,female,9,1,1,2678,15.2458,C,0
2,male,43,1,1,F.C.C. 13529,26.25,S,0
3,male,26,0,0,2699,18.7875,C,1
2,male,27,0,0,211536,13,S,0
3,female,45,1,4,347088,27.9,S,0
3,female,,8,2,CA. 2343,69.55,S,0
3,female,5,4,2,347077,31.3875,S,1
3,male,30,0,0,2694,7.225,C,0
3,female,2,3,2,347088,27.9,S,0
3,male,,0,0,1601,56.4958,S,1
2,male,34,0,0,12233,13,S,0
3,male,,0,0,SOTON/OQ 392086,8.05,S,0
1,male,,0,0,113798,31,S,0
3,female,,0,0,370370,7.75,Q,1
2,male,30,1,0,P/PP 3381,24,C,0
3,male,15,1,1,2695,7.2292,C,0
3,male,39,0,0,3101296,7.925,S,0
2,female,36,1,0,226875,26,S,1
3,male,29,0,0,349240,7.8958,C,1
3,female,30,0,0,364516,12.475,S,1
1,male,,0,0,113056,26,S,0
2,male,18,0,0,S.O.C. 14879,73.5,S,0
2,male,21,0,0,S.O.C. 14879,73.5,S,0
3,male,,0,0,368703,7.75,Q,0
3,male,,0,0,371110,24.15,Q,0
2,male,34,1,0,31027,21,S,0
3,male,,0,0,S.O./P.P. 751,7.55,S,0
3,male,,0,0,394140,6.8583,Q,0
2,male,,0,0,239855,0,S,0
1,male,65,0,0,13509,26.55,S,0
1,male,40,0,0,112277,31,C,1
3,male,36,1,1,345773,24.15,S,0
3,male,19,0,0,348124,7.65,S,0
2,male,,0,0,239853,0,S,0
1,male,45.5,0,0,113043,28.5,S,0
2,female,13,0,1,250644,19.5,S,1
2,female,40,1,1,29750,39,S,1
1,female,44,0,0,PC 17610,27.7208,C,1
2,male,28,0,0,218629,13.5,S,0
3,male,19,0,0,358585,14.5,S,0
3,male,,0,0,374910,8.05,S,0
3,male,,0,0,349225,7.8958,S,0
2,female,40,0,0,31418,13,S,1
2,male,24,0,0,233866,13,S,0
3,male,30,0,0,349246,7.8958,S,0
1,female,18,0,2,110413,79.65,S,1
2,female,4,1,1,29103,23,S,1
3,female,2,4,2,347082,31.275,S,0
2,male,,0,0,239853,0,S,0
3,female,22,0,0,C 7077,7.25,S,1
1,male,49,1,0,PC 17485,56.9292,C,1
2,female,24,0,0,248733,13,S,1
3,male,19,0,0,349228,10.1708,S,0
3,male,20,0,0,A/5. 2151,8.05,S,0
3,male,,0,0,349234,7.8958,S,0
3,male,,0,0,349223,7.8958,S,0
1,female,30,0,0,PC 17485,56.9292,C,1
3,male,22,0,0,PP 4348,9.35,S,0
1,female,47,1,1,11751,52.5542,S,1
1,male,49,1,0,17453,89.1042,C,1
2,male,3,1,1,29106,18.75,S,1
3,male,19,0,0,349212,7.8958,S,0
1,male,,0,0,11774,29.7,C,1
3,female,45,0,0,347073,7.75,S,0
2,female,21,0,0,C.A. 31026,10.5,S,1
1,female,24,0,0,PC 17477,69.3,C,1
3,female,,0,0,330919,7.8292,Q,1
2,male,0.83,0,2,248738,29,S,1
2,female,31,1,1,C.A. 31921,26.25,S,1
3,male,,0,0,349253,7.8958,C,0
3,male,,2,0,367226,23.25,Q,1
2,female,45,0,0,223596,13.5,S,1
3,male,25,1,0,347083,7.775,S,1
3,male,4,3,2,347088,27.9,S,0
1,female,16,0,1,PC 17592,39.4,S,1
3,male,,8,2,CA. 2343,69.55,S,0
2,female,42,1,0,SC/AH 3085,26,S,1
3,male,48,0,0,350047,7.8542,S,0
1,female,23,1,0,35273,113.275,C,1
3,male,25,0,0,2672,7.225,C,0
3,male,21,0,0,A/4 45380,8.05,S,0
3,male,39,1,5,347082,31.275,S,0
3,male,40,1,4,347088,27.9,S,0
3,male,34,1,1,347080,14.4,S,0
3,male,,0,0,370377,7.75,Q,0
2,female,24,0,2,250649,14.5,S,1
1,male,23,0,1,PC 17759,63.3583,C,1
2,female,54,1,3,29105,23,S,1
2,female,24,1,0,244367,26,S,1
3,male,28,0,0,345783,9.5,S,0
2,male,34,0,0,250647,13,S,0
2,female,24,2,3,29106,18.75,S,1
3,male,22,0,0,345767,9,S,0
3,female,18,0,0,4138,9.8417,S,1
3,male,32,0,0,SOTON/O.Q. 392078,8.05,S,1
3,male,,3,1,4133,25.4667,S,0
1,female,58,0,1,PC 17582,153.4625,S,1
1,female,22,0,0,113781,151.55,S,1
1,female,43,0,1,24160,211.3375,S,1
1,male,35,0,0,PC 17755,512.3292,C,1
1,male,,0,0,112058,0,S,0
3,female,20,1,0,4136,9.825,S,0
3,male,20,0,0,350050,7.8542,S,0
3,male,21,0,0,SOTON/OQ 3101317,7.25,S,0
2,female,55,0,0,248706,16,S,1
3,male,25,1,0,347076,7.775,S,0
1,male,29,1,0,113776,66.6,S,0
1,female,58,0,0,PC 17569,146.5208,C,1
3,female,,0,0,330931,7.8792,Q,1
2,female,23,0,0,SC/AH Basle 541,13.7917,C,1
3,female,10,0,2,345773,24.15,S,0
1,female,30,0,0,110152,86.5,S,1
1,male,46,0,0,PC 17593,79.2,C,0
3,male,,0,0,362316,7.25,S,0
1,female,39,1,0,13507,55.9,S,1
3,female,27,0,2,347742,11.1333,S,1
3,male,28,0,0,349243,7.8958,S,0
2,male,0.67,1,1,250649,14.5,S,1
3,male,74,0,0,347060,7.775,S,0
3,male,16,0,0,7534,9.2167,S,0
1,male,33,0,0,695,5,S,0
1,female,25,1,2,113781,151.55,S,0
2,female,36,0,0,27849,13,S,1
3,male,20,0,0,2663,7.2292,C,1
2,male,23,0,0,233639,13,S,0
2,female,2,1,1,26360,26,S,1
3,male,47,0,0,A/5 3902,7.25,S,0
2,male,26,0,0,31028,10.5,S,0
3,male,6,0,1,392096,12.475,S,1
3,male,,0,0,65306,8.1125,S,1
3,female,,3,1,4133,25.4667,S,0
3,male,,0,0,C.A. 6212,15.1,S,0
3,male,25,0,0,SOTON/O.Q. 3101312,7.05,S,0
2,male,29,1,0,SC/PARIS 2167,27.7208,C,0
2,male,47,0,0,237565,15,S,0
3,male,,8,2,CA. 2343,69.55,S,0
2,male,,0,0,239854,0,S,0
1,male,,0,0,PC 17483,221.7792,S,0
3,male,25,0,0,348123,7.65,S,0
2,female,42,0,0,236852,13,S,1
3,male,51,0,0,347743,7.0542,S,0
3,male,20,0,0,6563,9.225,S,0
3,male,33,0,0,349241,7.8958,C,0
2,male,19,0,0,28424,13,S,0
3,male,34,0,0,3101264,6.4958,S,0
3,male,23,0,0,347468,7.8542,S,0
3,male,30,0,0,2685,7.2292,C,0
2,female,19,1,0,2908,26,S,1
3,male,3,4,2,347077,31.3875,S,1
3,male,24,0,0,SOTON/O.Q. 3101311,7.05,S,0
3,male,,0,0,SOTON/OQ 3101316,8.05,S,0
3,female,,0,0,335677,7.75,Q,1
3,male,30,1,0,A/5. 3336,16.1,S,0
1,male,28,0,0,110564,26.55,S,1
3,male,,0,0,364851,7.75,Q,0
2,female,34,0,1,231919,23,S,1
3,male,2,3,1,349909,21.075,S,0
3,male,19,0,0,365222,6.75,Q,0
2,male,30,0,0,250653,13,S,0
1,male,31,1,0,17474,57,S,1
3,male,,0,0,2677,7.2292,C,1
2,male,42,1,0,243847,27,S,0
2,male,34,1,0,244367,26,S,0
3,male,45,0,0,7598,8.05,S,1
1,male,,0,0,112052,0,S,0
2,female,26,1,1,250651,26,S,0
3,male,18,1,1,350404,7.8542,S,0
2,male,29,0,0,W./C. 14263,10.5,S,0
1,male,65,0,1,113509,61.9792,C,0
1,male,28,0,0,113788,35.5,S,1
2,male,25,0,0,244361,13,S,0
3,female,18,0,1,2691,14.4542,C,0
3,female,4,0,2,315153,22.025,S,1
2,female,7,0,2,F.C.C. 13529,26.25,S,1
3,male,41,2,0,350026,14.1083,S,0
1,male,,0,0,113767,50,S,0
3,male,30,0,0,C 7076,7.25,S,0
2,male,28,0,0,248740,13,S,0
3,male,20,0,0,345769,9.5,S,0
3,male,30,0,0,345774,9.5,S,1
3,male,65,0,0,336439,7.75,Q,0
3,male,24,0,0,343275,8.05,S,0
2,male,30,0,0,W/C 14208,10.5,S,0
3,male,19,0,0,347069,7.775,S,0
1,female,52,1,1,12749,93.5,S,1
3,male,36,0,0,LINE,0,S,0
3,female,,0,0,2626,7.2292,C,1
3,female,4,0,1,349256,13.4167,C,1
2,female,14,1,0,237736,30.0708,C,1
3,male,9,1,1,C.A. 37671,15.9,S,1
2,male,70,0,0,C.A. 24580,10.5,S,0
1,female,,1,0,PC 17611,133.65,S,1
2,male,60,1,1,29750,39,S,0
3,female,19,1,0,350046,7.8542,S,1
3,female,,2,0,367226,23.25,Q,1
1,male,25,1,0,11765,55.4417,C,1
2,female,,0,0,248727,33,S,1
1,male,38,1,0,19943,90,S,1
3,male,,0,0,392092,8.05,S,0
3,female,,1,0,2689,14.4583,C,0
3,male,,0,0,12460,7.75,Q,0
2,female,27,1,0,11668,21,S,0
1,male,,0,0,PC 17612,27.7208,C,0
1,male,50,1,0,PC 17761,106.425,C,0
3,male,1,5,2,CA 2144,46.9,S,0
3,male,16,0,0,A/4. 20589,8.05,S,0
2,female,17,0,0,SC 1748,12,C,1
3,female,24,0,0,349236,8.85,S,0
3,male,,0,0,364498,14.5,S,0
3,male,39,0,0,A/4 48871,24.15,S,0
3,male,,1,1,2661,15.2458,C,1
3,male,,1,0,367229,7.75,Q,0
3,female,3,3,1,349909,21.075,S,0
3,female,18,1,0,349237,17.8,S,0
3,male,35,0,0,373450,8.05,S,0
1,female,39,1,1,PC 17756,83.1583,C,1
1,male,45,1,0,36973,83.475,S,0
1,female,53,2,0,11769,51.4792,S,1
3,male,26,0,0,1601,56.4958,S,1
3,male,26,1,2,C.A. 2315,20.575,S,0
2,female,27,1,0,SC/PARIS 2149,13.8583,C,1
3,male,29,0,0,343276,8.05,S,0
3,female,22,0,0,347081,7.75,S,1
1,male,64,1,4,19950,263,S,0
1,male,,0,0,113028,26.55,S,0
3,female,27,0,1,392096,12.475,S,1
1,female,23,3,2,19950,263,S,1
3,male,,0,0,SOTON/OQ 392082,8.05,S,0
1,male,19,3,2,19950,263,S,0
1,male,54,0,0,17463,51.8625,S,0
3,female,17,0,0,2627,14.4583,C,0
1,female,31,1,0,35273,113.275,C,1
1,male,31,0,0,PC 17590,50.4958,S,0
2,male,,0,0,239853,0,S,0
3,male,33,0,0,349257,7.8958,S,0
1,male,80,0,0,27042,30,S,1
3,female,,0,0,36866,7.7375,Q,1
1,female,38,0,0,113572,80,,1
2,female,45,1,1,F.C.C. 13529,26.25,S,1
3,male,24,0,0,349209,7.4958,S,0
3,male,30.5,0,0,364499,8.05,S,0
2,female,24,0,0,248747,13,S,0
2,male,27,0,0,244358,26,S,0
3,male,32,0,0,STON/O 2. 3101292,7.925,S,0
3,female,2,0,1,347054,10.4625,S,0
2,female,30,0,0,250648,13,S,1
2,female,4,2,1,230136,39,S,1
3,male,38,0,0,SOTON/O.Q. 3101306,7.05,S,0
2,male,3,1,1,230080,26,S,1
1,female,42,0,0,PC 17757,227.525,C,1
1,female,33,1,0,113806,53.1,S,1
2,female,34,1,1,28220,32.5,S,1
1,female,16,0,0,110152,86.5,S,1
2,male,19,0,0,SW/PP 751,10.5,S,1
1,male,,0,0,PC 17757,227.525,C,0
3,male,34,0,0,363294,8.05,S,0
2,female,34,0,0,C.A. 34260,10.5,S,1
1,male,40,0,0,PC 17601,27.7208,C,0
3,male,16,2,0,345764,18,S,0
2,male,44,1,0,26707,26,S,0
3,male,44,0,1,371362,16.1,S,0
3,male,24,0,0,C 17369,7.1417,S,1
1,female,38,0,0,PC 17757,227.525,C,1
3,male,,0,0,1601,56.4958,S,0
3,male,27,0,0,315098,8.6625,S,1
1,female,30,0,0,113798,31,C,1
3,male,20.5,0,0,A/5 21173,7.25,S,0
3,female,31,0,0,350407,7.8542,S,0
3,female,48,1,3,W./C. 6608,34.375,S,0
3,male,16,1,3,W./C. 6608,34.375,S,0
2,male,31,0,0,244270,13,S,1
3,male,24,0,0,349233,7.8958,S,0
3,male,26,0,0,349248,7.8958,S,0
1,female,52,1,0,36947,78.2667,C,1
3,male,33,0,0,349239,8.6625,C,0
1,male,0.92,1,2,113781,151.55,S,1
2,male,18,0,0,231945,11.5,S,0
3,female,21,1,0,4137,9.825,S,0
2,male,27,0,0,220367,13,S,0
2,female,18,0,2,250652,13,S,1
3,male,35,0,0,349213,7.8958,C,0
1,female,39,1,1,17421,110.8833,C,1
1,female,49,1,0,PC 17572,76.7292,C,1
1,male,51,0,1,PC 17597,61.3792,C,0
1,female,24,0,0,PC 17477,69.3,C,1
2,female,25,1,1,237789,30,S,1
1,female,,0,0,17421,110.8833,C,1
3,male,22,0,0,A/5 21172,7.25,S,0
3,male,18,0,0,A/5 3540,8.05,S,1
3,male,,0,0,349218,7.8958,S,0
1,male,58,0,2,35273,113.275,C,0
3,male,,0,0,349254,7.8958,C,0
3,male,16,4,1,3101295,39.6875,S,0
3,male,29,0,0,345779,9.5,S,1
1,female,31,0,2,36928,164.8667,S,1
1,male,,0,0,19988,30.5,S,1
1,female,15,0,1,24160,211.3375,S,1
3,male,24,2,0,A/4 48871,24.15,S,0
2,female,22,1,2,SC/Paris 2123,41.5792,C,1
3,female,,3,1,4133,25.4667,S,0
3,male,32,0,0,STON/O 2. 3101286,7.925,S,1
1,male,42,0,0,PC 17476,26.2875,S,1
3,male,17,0,0,STON/O 2. 3101274,7.125,S,0
1,male,,0,0,PC 17318,25.925,S,0
2,male,0.83,1,1,29106,18.75,S,1
3,female,9,2,2,W./C. 6608,34.375,S,0
1,male,58,0,0,11771,29.7,C,0
2,male,28,0,1,248727,33,S,0
3,male,26,0,0,341826,8.05,S,0
3,male,47,0,0,345765,9,S,0
3,male,,1,0,376564,16.1,S,0
2,female,33,1,2,C.A. 34651,27.75,S,1
3,female,47,1,0,A/5. 3337,14.5,S,0
3,male,,0,0,349216,7.8958,S,0
1,male,42,1,0,11753,52.5542,S,1
3,male,36,0,0,349247,7.8958,S,0
3,male,38,0,0,315089,8.6625,S,0
3,female,38,1,5,347077,31.3875,S,1
3,male,,0,0,330979,7.8292,Q,0
2,male,1,2,1,230136,39,S,1
1,female,,1,0,PC 17604,82.1708,C,1
1,male,47,0,0,36967,34.0208,S,0
2,female,17,0,0,SO/C 14885,10.5,S,1
3,male,,0,0,372622,7.75,Q,0
3,male,32,0,0,1601,56.4958,S,1
3,female,22,0,0,7553,9.8375,S,0
3,female,,1,0,367230,15.5,Q,1
